0,0,955,0,0,0,0,0,0,0,0,0,0,547,0,0,0,0,0,0,0,0,0,0,0,0,0,2996,0,0,0,0,1217,0,0,0,0,0,4285,0,0,0,0
0,0,914,0,0,0,0,0,0,0,0,0,0,448,0,0,0,0,0,0,0,0,0,0,0,0,0,1263,0,0,0,0,1779,0,0,0,0,0,5596,0,0,0,0
0,0,907,0,0,0,0,0,0,0,0,0,0,3268,0,0,0,0,0,0,0,0,0,0,0,0,0,1526,0,0,0,0,2304,0,0,0,0,0,1995,0,0,0,0
0,0,823,0,0,0,0,0,0,0,0,0,0,1101,0,0,0,0,0,0,0,0,0,0,0,0,0,2588,0,0,0,0,1743,0,0,0,0,0,3745,0,0,0,0
0,0,561,0,0,0,0,0,0,0,0,0,0,4890,0,0,0,0,0,0,0,0,0,0,0,0,0,1825,0,0,0,0,1680,0,0,0,0,0,1044,0,0,0,0
0,0,602,0,0,0,0,0,0,0,0,0,0,494,0,0,0,0,0,0,0,0,0,0,0,0,0,3909,0,0,0,0,718,0,0,0,0,0,3884,0,393,0,0
0,0,28,0,0,0,0,0,0,0,0,0,0,556,0,0,0,0,0,0,0,0,0,0,0,0,0,2306,0,0,0,0,1504,0,0,0,0,0,5205,0,401,0,0
0,0,9,0,0,0,0,0,0,0,0,0,0,512,0,0,0,0,0,0,0,0,0,0,0,0,0,1221,0,0,0,0,884,0,0,0,0,0,6351,0,1023,0,0
0,0,4,0,0,0,0,0,0,0,0,0,0,422,0,0,0,0,0,0,0,0,0,0,0,0,0,809,0,0,0,0,629,0,0,0,0,0,5950,0,2186,0,0
0,0,30,0,0,0,0,0,0,0,0,0,0,610,0,0,0,0,0,0,0,0,0,0,0,0,0,409,0,0,0,0,801,0,0,0,0,0,4961,0,3189,0,0
0,0,0,0,0,0,0,0,0,0,0,0,0,604,0,0,0,0,0,0,0,0,0,0,0,0,0,499,0,0,0,0,658,0,0,0,0,0,4680,0,3559,0,0
0,0,0,0,0,0,0,0,0,0,0,0,0,504,0,0,0,0,0,0,0,0,0,0,0,0,0,467,0,0,0,0,580,0,0,0,0,0,4639,0,3810,0,0
0,0,1,0,0,0,0,0,0,0,0,0,0,2334,0,0,0,0,0,0,0,0,0,0,0,0,0,657,0,0,0,0,1066,0,0,0,0,0,4087,0,1855,0,0
0,0,0,0,0,0,0,0,0,0,0,0,0,779,0,0,0,0,0,0,0,0,0,0,0,0,0,1771,0,0,0,0,968,0,0,0,0,0,5111,0,1371,0,0
0,0,1,0,0,0,0,0,0,0,0,0,0,638,0,0,0,0,0,0,0,0,0,0,0,0,0,1258,0,0,0,0,1544,0,0,0,0,0,5678,0,881,0,0
0,0,0,0,0,0,0,0,0,0,0,0,0,677,0,0,0,0,0,0,0,0,0,0,0,0,0,625,0,0,0,0,1337,0,0,0,0,0,6203,0,1158,0,0
0,0,0,0,0,0,0,0,0,0,0,0,0,661,0,0,0,0,0,0,0,0,0,0,0,0,0,460,0,0,0,0,1060,0,0,0,0,0,6233,0,1586,0,0
0,0,0,0,0,0,0,0,0,0,0,0,0,417,0,0,0,0,0,0,0,0,0,0,0,0,0,396,0,0,0,0,658,0,0,0,0,0,6138,0,2391,0,0
0,0,64,0,0,0,0,0,0,0,0,0,0,2255,0,0,0,0,0,0,0,0,0,0,0,0,0,770,0,0,0,0,1026,0,0,0,0,0,4309,0,1576,0,0
0,0,0,0,0,0,0,0,0,0,0,0,0,625,0,0,0,0,0,0,0,0,0,0,0,0,0,1468,0,0,0,0,731,0,0,0,0,0,5141,0,2035,0,0
0,0,0,0,0,0,0,0,0,0,0,0,0,752,0,0,0,0,0,0,0,0,0,0,0,0,0,870,0,0,0,0,801,0,0,0,0,0,5307,0,2270,0,0
0,0,0,0,0,0,0,0,0,0,0,0,0,497,0,0,0,0,0,0,0,0,0,0,0,0,0,608,0,0,0,0,700,0,0,0,0,0,5418,0,2777,0,0
0,0,0,0,0,0,0,0,0,0,0,0,0,770,0,0,0,0,0,0,0,0,0,0,0,0,0,492,0,0,0,0,749,0,0,0,0,0,4936,0,3053,0,0
0,0,0,0,0,0,0,0,0,0,0,0,0,889,0,0,0,0,0,0,0,0,0,0,0,0,0,580,0,0,0,0,755,0,0,0,0,0,4668,0,3108,0,0
0,0,0,0,0,0,0,0,0,0,0,0,0,491,0,0,0,0,0,0,0,0,0,0,0,0,0,585,0,0,0,0,641,0,0,0,0,0,4795,0,3488,0,0
0,0,0,0,0,0,0,0,0,0,0,0,0,862,0,0,0,0,0,0,0,0,0,0,0,0,0,474,0,0,0,0,767,0,0,0,0,0,4536,0,3361,0,0
0,0,0,0,0,0,0,0,0,0,0,0,0,580,0,0,0,0,0,0,0,0,0,0,0,0,0,568,0,0,0,0,646,0,0,0,0,0,4615,0,3591,0,0
0,0,0,0,0,0,0,0,0,0,0,0,0,521,0,0,0,0,0,0,0,0,0,0,0,0,0,448,0,0,0,0,661,0,0,0,0,0,4567,0,3803,0,0
0,0,0,0,0,0,0,0,0,0,0,0,0,444,0,0,0,0,0,0,0,0,0,0,0,0,0,369,0,0,0,0,568,0,0,0,0,0,4531,0,4088,0,0
0,0,0,0,0,0,0,0,0,0,0,0,0,482,0,0,0,0,0,0,0,0,0,0,0,0,0,344,0,0,0,0,596,0,0,0,0,0,4467,0,4111,0,0
0,0,0,0,0,0,0,0,0,0,0,0,0,697,0,0,0,0,0,0,0,0,0,0,0,0,0,380,0,0,0,0,681,0,0,0,0,0,4385,0,3857,0,0
0,0,0,0,0,0,0,0,0,0,0,0,0,478,0,0,0,0,0,0,0,0,0,0,0,0,0,437,0,0,0,0,588,0,0,0,0,0,4526,0,3971,0,0
0,0,0,0,0,0,0,0,0,0,0,0,0,590,0,0,0,0,0,0,0,0,0,0,0,0,0,374,0,0,0,0,586,0,0,0,0,0,4536,0,3914,0,0
0,0,0,0,0,0,0,0,0,0,0,0,0,535,0,0,0,0,0,0,0,0,0,0,0,0,0,386,0,0,0,0,621,0,0,0,0,0,4509,0,3949,0,0
0,0,0,0,0,0,0,0,0,0,0,0,0,468,0,0,0,0,0,0,0,0,0,0,0,0,0,338,0,0,0,0,615,0,0,0,0,0,4631,0,3948,0,0
0,0,0,0,0,0,0,0,0,0,0,0,0,2339,0,0,0,0,0,0,0,0,0,0,0,0,0,805,0,0,0,0,1045,0,0,0,0,0,3976,0,1835,0,0
0,0,0,0,0,0,0,0,0,0,0,0,0,648,0,0,0,0,0,0,0,0,0,0,0,0,0,1540,0,0,0,0,861,0,0,0,0,0,4933,0,2018,0,0
0,0,0,0,0,0,0,0,0,0,0,0,0,2611,0,0,0,0,0,0,0,0,0,0,0,0,0,1347,0,0,0,0,1164,0,0,0,0,0,3903,0,975,0,0
0,0,0,0,0,0,0,0,0,0,0,0,0,540,0,0,0,0,0,0,0,0,0,0,0,0,0,1860,0,0,0,0,911,0,0,0,0,0,5369,0,1320,0,0
0,0,0,0,0,0,0,0,0,0,0,0,0,901,0,0,0,0,0,0,0,0,0,0,0,0,0,798,0,0,0,0,939,0,0,0,0,0,5735,0,1627,0,0
0,0,0,0,0,0,0,0,0,0,0,0,0,797,0,0,0,0,0,0,0,0,0,0,0,0,0,687,0,0,0,0,902,0,0,0,0,0,5584,0,2030,0,0
0,0,0,0,0,0,0,0,0,0,0,0,0,584,0,0,0,0,0,0,0,0,0,0,0,0,0,589,0,0,0,0,775,0,0,0,0,0,5463,0,2589,0,0
0,0,0,0,0,0,0,0,0,0,0,0,0,498,0,0,0,0,0,0,0,0,0,0,0,0,0,454,0,0,0,0,677,0,0,0,0,0,5278,0,3093,0,0
0,0,0,0,0,0,0,0,0,0,0,0,0,680,0,0,0,0,0,0,0,0,0,0,0,0,0,394,0,0,0,0,780,0,0,0,0,0,4960,0,3186,0,0
0,0,0,0,0,0,0,0,0,0,0,0,0,611,0,0,0,0,0,0,0,0,0,0,0,0,0,414,0,0,0,0,770,0,0,0,0,0,4990,0,3215,0,0
0,0,0,0,0,0,0,0,0,0,0,0,0,570,0,0,0,0,0,0,0,0,0,0,0,0,0,419,0,0,0,0,730,0,0,0,0,0,4889,0,3392,0,0
0,0,0,0,0,0,0,0,0,0,0,0,0,695,0,0,0,0,0,0,0,0,0,0,0,0,0,456,0,0,0,0,779,0,0,0,0,0,4867,0,3203,0,0
0,0,0,0,0,0,0,0,0,0,0,0,0,613,0,0,0,0,0,0,0,0,0,0,0,0,0,507,0,0,0,0,686,0,0,0,0,0,4942,0,3252,0,0
0,0,0,0,0,0,0,0,0,0,0,0,0,528,0,0,0,0,0,0,0,0,0,0,0,0,0,476,0,0,0,0,694,0,0,0,0,0,4908,0,3394,0,0
0,0,0,0,0,0,0,0,0,0,0,0,0,522,0,0,0,0,0,0,0,0,0,0,0,0,0,403,0,0,0,0,653,0,0,0,0,0,4917,0,3505,0,0
0,0,0,0,0,0,0,0,0,0,0,0,0,601,0,0,0,0,0,0,0,0,0,0,0,0,0,380,0,0,0,0,665,0,0,0,0,0,4777,0,3577,0,0
0,0,1,0,0,0,0,0,0,0,0,0,0,517,0,0,0,0,0,0,0,0,0,0,0,0,0,412,0,0,0,0,661,0,0,0,0,0,4887,0,3522,0,0
0,0,0,0,0,0,0,0,0,0,0,0,0,608,0,0,0,0,0,0,0,0,0,0,0,0,0,402,0,0,0,0,722,0,0,0,0,0,4923,0,3345,0,0
0,0,0,0,0,0,0,0,0,0,0,0,0,709,0,0,0,0,0,0,0,0,0,0,0,0,0,474,0,0,0,0,866,0,0,0,0,0,4864,0,3087,0,0
0,0,0,0,0,0,0,0,0,0,0,0,0,609,0,0,0,0,0,0,0,0,0,0,0,0,0,467,0,0,0,0,743,0,0,0,0,0,5065,0,3116,0,0
0,0,0,0,0,0,0,0,0,0,0,0,0,664,0,0,0,0,0,0,0,0,0,0,0,0,0,424,0,0,0,0,808,0,0,0,0,0,5059,0,3045,0,0
0,0,0,0,0,0,0,0,0,0,0,0,0,681,0,0,0,0,0,0,0,0,0,0,0,0,0,470,0,0,0,0,762,0,0,0,0,0,4996,0,3091,0,0
0,0,0,0,0,0,0,0,0,0,0,0,0,584,0,0,0,0,0,0,0,0,0,0,0,0,0,419,0,0,0,0,710,0,0,0,0,0,5062,0,3225,0,0
0,0,0,0,0,0,0,0,0,0,0,0,0,607,0,0,0,0,0,0,0,0,0,0,0,0,0,430,0,0,0,0,760,0,0,0,0,0,4924,0,3279,0,0
0,0,0,0,0,0,0,0,0,0,0,0,0,555,0,0,0,0,0,0,0,0,0,0,0,0,0,433,0,0,0,0,745,0,0,0,0,0,5000,0,3267,0,0
0,0,0,0,0,0,0,0,0,0,0,0,0,749,0,0,0,0,0,0,0,0,0,0,0,0,0,424,0,0,0,0,833,0,0,0,0,0,4918,0,3076,0,0
0,0,0,0,0,0,0,0,0,0,0,0,0,606,0,0,0,0,0,0,0,0,0,0,0,0,0,460,0,0,0,0,769,0,0,0,0,0,4999,0,3166,0,0
0,0,0,0,0,0,0,0,0,0,0,0,0,814,0,0,0,0,0,0,0,0,0,0,0,0,0,490,0,0,0,0,845,0,0,0,0,0,4884,0,2967,0,0
0,0,0,0,0,0,0,0,0,0,0,0,0,589,0,0,0,0,0,0,0,0,0,0,0,0,0,510,0,0,0,0,712,0,0,0,0,0,5096,0,3093,0,0
0,0,0,0,0,0,0,0,0,0,0,0,0,605,0,0,0,0,0,0,0,0,0,0,0,0,0,431,0,0,0,0,740,0,0,0,0,0,5068,0,3156,0,0
0,0,0,0,0,0,0,0,0,0,0,0,0,769,0,0,0,0,0,0,0,0,0,0,0,0,0,448,0,0,0,0,858,0,0,0,0,0,5019,0,2906,0,0
0,0,0,0,0,0,0,0,0,0,0,0,0,693,0,0,0,0,0,0,0,0,0,0,0,0,0,476,0,0,0,0,805,0,0,0,0,0,5039,0,2987,0,0
0,0,0,0,0,0,0,0,0,0,0,0,0,726,0,0,0,0,0,0,0,0,0,0,0,0,0,437,0,0,0,0,811,0,0,0,0,0,5063,0,2963,0,0
0,0,0,0,0,0,0,0,0,0,0,0,0,545,0,0,0,0,0,0,0,0,0,0,0,0,0,475,0,0,0,0,819,0,0,0,0,0,5165,0,2996,0,0
0,0,0,0,0,0,0,0,0,0,0,0,0,587,0,0,0,0,0,0,0,0,0,0,0,0,0,389,0,0,0,0,740,0,0,0,0,0,5092,0,3192,0,0
0,0,0,0,0,0,0,0,0,0,0,0,0,541,0,0,0,0,0,0,0,0,0,0,0,0,0,350,0,0,0,0,713,0,0,0,0,0,5081,0,3315,0,0
0,0,0,0,0,0,0,0,0,0,0,0,0,642,0,0,0,0,0,0,0,0,0,0,0,0,0,414,0,0,0,0,823,0,0,0,0,0,4876,0,3245,0,0
0,0,0,0,0,0,0,0,0,0,0,0,0,675,0,0,0,0,0,0,0,0,0,0,0,0,0,492,0,0,0,0,826,0,0,0,0,0,5000,0,3007,0,0
0,0,0,0,0,0,0,0,0,0,0,0,0,593,0,0,0,0,0,0,0,0,0,0,0,0,0,450,0,0,0,0,794,0,0,0,0,0,5178,0,2985,0,0
0,0,0,0,0,0,0,0,0,0,0,0,0,676,0,0,0,0,0,0,0,0,0,0,0,0,0,414,0,0,0,0,810,0,0,0,0,0,5067,0,3033,0,0
0,0,0,0,0,0,0,0,0,0,0,0,0,620,0,0,0,0,0,0,0,0,0,0,0,0,0,462,0,0,0,0,793,0,0,0,0,0,5082,0,3043,0,0
0,0,0,0,0,0,0,0,0,0,0,0,0,1002,0,0,0,0,0,0,0,0,0,0,0,0,0,515,0,0,0,0,950,0,0,0,0,0,4993,0,2540,0,0
0,0,0,0,0,0,0,0,0,0,0,0,0,675,0,0,0,0,0,0,0,0,0,0,0,0,0,600,0,0,0,0,807,0,0,0,0,0,5228,0,2690,0,0
0,0,0,0,0,0,0,0,0,0,0,0,0,532,0,0,0,0,0,0,0,0,0,0,0,0,0,498,0,0,0,0,766,0,0,0,0,0,5362,0,2842,0,0
0,0,0,0,0,0,0,0,0,0,0,0,0,640,0,0,0,0,0,0,0,0,0,0,0,0,0,434,0,0,0,0,835,0,0,0,0,0,5222,0,2869,0,0
0,0,0,0,0,0,0,0,0,0,0,0,0,627,0,0,0,0,0,0,0,0,0,0,0,0,0,429,0,0,0,0,800,0,0,0,0,0,5298,0,2846,0,0
0,0,0,0,0,0,0,0,0,0,0,0,0,659,0,0,0,0,0,0,0,0,0,0,0,0,0,421,0,0,0,0,838,0,0,0,0,0,5098,0,2984,0,0
0,0,0,0,0,0,0,0,0,0,0,0,0,631,0,0,0,0,0,0,0,0,0,0,0,0,0,436,0,0,0,0,835,0,0,0,0,0,5104,0,2994,0,0
0,0,0,0,0,0,0,0,0,0,0,0,0,696,0,0,0,0,0,0,0,0,0,0,0,0,0,441,0,0,0,0,806,0,0,0,0,0,5150,0,2907,0,0
0,0,0,0,0,0,0,0,0,0,0,0,0,700,0,0,0,0,0,0,0,0,0,0,0,0,0,466,0,0,0,0,799,0,0,0,0,0,5104,0,2931,0,0
0,0,0,0,0,0,0,0,0,0,0,0,0,610,0,0,0,0,0,0,0,0,0,0,0,0,0,434,0,0,0,0,854,0,0,0,0,0,5146,0,2956,0,0
0,0,0,0,0,0,0,0,0,0,0,0,0,675,0,0,0,0,0,0,0,0,0,0,0,0,0,423,0,0,0,0,814,0,0,0,0,0,5117,0,2971,0,0
0,0,0,0,0,0,0,0,0,0,0,0,0,661,0,0,0,0,0,0,0,0,0,0,0,0,0,479,0,0,0,0,840,0,0,0,0,0,5149,0,2871,0,0
0,0,0,0,0,0,0,0,0,0,0,0,0,708,0,0,0,0,0,0,0,0,0,0,0,0,0,489,0,0,0,0,826,0,0,0,0,0,5106,0,2871,0,0
0,0,0,0,0,0,0,0,0,0,0,0,0,677,0,0,0,0,0,0,0,0,0,0,0,0,0,476,0,0,0,0,807,0,0,0,0,0,5091,0,2949,0,0
0,0,0,0,0,0,0,0,0,0,0,0,0,655,0,0,0,0,0,0,0,0,0,0,0,0,0,452,0,0,0,0,784,0,0,0,0,0,5190,0,2919,0,0
0,0,0,0,0,0,0,0,0,0,0,0,0,742,0,0,0,0,0,0,0,0,0,0,0,0,0,461,0,0,0,0,912,0,0,0,0,0,5047,0,2838,0,0
0,0,0,0,0,0,0,0,0,0,0,0,0,645,0,0,0,0,0,0,0,0,0,0,0,0,0,498,0,0,0,0,850,0,0,0,0,0,5189,0,2818,0,0
0,0,0,0,0,0,0,0,0,0,0,0,0,649,0,0,0,0,0,0,0,0,0,0,0,0,0,483,0,0,0,0,878,0,0,0,0,0,5272,0,2718,0,0
0,0,0,0,0,0,0,0,0,0,0,0,0,739,0,0,0,0,0,0,0,0,0,0,0,0,0,470,0,0,0,0,922,0,0,0,0,0,5133,0,2736,0,0
0,0,0,0,0,0,0,0,0,0,0,0,0,655,0,0,0,0,0,0,0,0,0,0,0,0,0,429,0,0,0,0,837,0,0,0,0,0,5196,0,2883,0,0
0,0,0,0,0,0,0,0,0,0,0,0,0,671,0,0,0,0,0,0,0,0,0,0,0,0,0,424,0,0,0,0,840,0,0,0,0,0,5175,0,2890,0,0
0,0,0,0,0,0,0,0,0,0,0,0,0,773,0,0,0,0,0,0,0,0,0,0,0,0,0,486,0,0,0,0,900,0,0,0,0,0,5154,0,2687,0,0
0,0,0,0,0,0,0,0,0,0,0,0,0,692,0,0,0,0,0,0,0,0,0,0,0,0,0,523,0,0,0,0,900,0,0,0,0,0,5228,0,2657,0,0
0,0,0,0,0,0,0,0,0,0,0,0,0,749,0,0,0,0,0,0,0,0,0,0,0,0,0,467,0,0,0,0,839,0,0,0,0,0,5274,0,2671,0,0
0,0,0,0,0,0,0,0,0,0,0,0,0,720,0,0,0,0,0,0,0,0,0,0,0,0,0,510,0,0,0,0,895,0,0,0,0,0,5246,0,2629,0,0
0,0,0,0,0,0,0,0,0,0,0,0,0,711,0,0,0,0,0,0,0,0,0,0,0,0,0,1711,0,0,0,0,1528,0,0,0,0,0,5782,0,268,0,0
0,0,0,0,0,0,0,0,0,0,0,0,0,776,0,0,0,0,0,0,0,0,0,0,0,0,0,792,0,0,0,0,1233,0,0,0,0,0,6748,0,451,0,0
0,0,0,0,0,0,0,0,0,0,0,0,0,911,0,0,0,0,0,0,0,0,0,0,0,0,0,637,0,0,0,0,1120,0,0,0,0,0,6355,0,977,0,0
0,0,0,0,0,0,0,0,0,0,0,0,0,787,0,0,0,0,0,0,0,0,0,0,0,0,0,572,0,0,0,0,979,0,0,0,0,0,5875,0,1787,0,0
0,0,0,0,0,0,0,0,0,0,0,0,0,582,0,0,0,0,0,0,0,0,0,0,0,0,0,537,0,0,0,0,844,0,0,0,0,0,5679,0,2358,0,0
0,0,0,0,0,0,0,0,0,0,0,0,0,600,0,0,0,0,0,0,0,0,0,0,0,0,0,449,0,0,0,0,862,0,0,0,0,0,5429,0,2660,0,0
0,0,0,0,0,0,0,0,0,0,0,0,0,666,0,0,0,0,0,0,0,0,0,0,0,0,0,426,0,0,0,0,840,0,0,0,0,0,5230,0,2838,0,0
0,0,0,0,0,0,0,0,0,0,0,0,0,621,0,0,0,0,0,0,0,0,0,0,0,0,0,452,0,0,0,0,839,0,0,0,0,0,5142,0,2946,0,0
0,0,0,0,0,0,0,0,0,0,0,0,0,632,0,0,0,0,0,0,0,0,0,0,0,0,0,398,0,0,0,0,825,0,0,0,0,0,5085,0,3060,0,0
0,0,0,0,0,0,0,0,0,0,0,0,0,656,0,0,0,0,0,0,0,0,0,0,0,0,0,394,0,0,0,0,811,0,0,0,0,0,5103,0,3036,0,0
0,0,0,0,0,0,0,0,0,0,0,0,0,702,0,0,0,0,0,0,0,0,0,0,0,0,0,471,0,0,0,0,846,0,0,0,0,0,5052,0,2929,0,0
0,0,0,0,0,0,0,0,0,0,0,0,0,596,0,0,0,0,0,0,0,0,0,0,0,0,0,445,0,0,0,0,773,0,0,0,0,0,5240,0,2946,0,0
0,0,0,0,0,0,0,0,0,0,0,0,0,662,0,0,0,0,0,0,0,0,0,0,0,0,0,447,0,0,0,0,811,0,0,0,0,0,5180,0,2900,0,0
0,0,0,0,0,0,0,0,0,0,0,0,0,691,0,0,0,0,0,0,0,0,0,0,0,0,0,461,0,0,0,0,789,0,0,0,0,0,5102,0,2957,0,0
0,0,0,0,0,0,0,0,0,0,0,0,0,764,0,0,0,0,0,0,0,0,0,0,0,0,0,454,0,0,0,0,826,0,0,0,0,0,5092,0,2864,0,0
0,0,0,0,0,0,0,0,0,0,0,0,0,706,0,0,0,0,0,0,0,0,0,0,0,0,0,505,0,0,0,0,837,0,0,0,0,0,5239,0,2713,0,0
0,0,0,0,0,0,0,0,0,0,0,0,0,852,0,0,0,0,0,0,0,0,0,0,0,0,0,560,0,0,0,0,875,0,0,0,0,0,5016,0,2697,0,0
0,0,0,0,0,0,0,0,0,0,0,0,0,838,0,0,0,0,0,0,0,0,0,0,0,0,0,593,0,0,0,0,836,0,0,0,0,0,5060,0,2673,0,0
0,0,0,0,0,0,0,0,0,0,0,0,0,750,0,0,0,0,0,0,0,0,0,0,0,0,0,534,0,0,0,0,837,0,0,0,0,0,5215,0,2664,0,0
0,0,1,0,0,0,0,0,0,0,0,0,0,748,0,0,0,0,0,0,0,0,0,0,0,0,0,560,0,0,0,0,875,0,0,0,0,0,5254,0,2562,0,0
0,0,0,0,0,0,0,0,0,0,0,0,0,717,0,0,0,0,0,0,0,0,0,0,0,0,0,516,0,0,0,0,856,0,0,0,0,0,5349,0,2562,0,0
0,0,1,0,0,0,0,0,0,0,0,0,0,687,0,0,0,0,0,0,0,0,0,0,0,0,0,499,0,0,0,0,836,0,0,0,0,0,5302,0,2675,0,0
0,0,0,0,0,0,0,0,0,0,0,0,0,688,0,0,0,0,0,0,0,0,0,0,0,0,0,452,0,0,0,0,862,0,0,0,0,0,5295,0,2703,0,0
0,0,1,0,0,0,0,0,0,0,0,0,0,719,0,0,0,0,0,0,0,0,0,0,0,0,0,462,0,0,0,0,841,0,0,0,0,0,5261,0,2716,0,0
0,0,2,0,0,0,0,0,0,0,0,0,0,763,0,0,0,0,0,0,0,0,0,0,0,0,0,445,0,0,0,0,898,0,0,0,0,0,5250,0,2642,0,0
0,0,1,0,0,0,0,0,0,0,0,0,0,814,0,0,0,0,0,0,0,0,0,0,0,0,0,498,0,0,0,0,943,0,0,0,0,0,5185,0,2559,0,0
0,0,0,0,0,0,0,0,0,0,0,0,0,859,0,0,0,0,0,0,0,0,0,0,0,0,0,548,0,0,0,0,1034,0,0,0,0,0,5180,0,2379,0,0
0,0,2,0,0,0,0,0,0,0,0,0,0,749,0,0,0,0,0,0,0,0,0,0,0,0,0,590,0,0,0,0,902,0,0,0,0,0,5349,0,2408,0,0
0,0,0,0,0,0,0,0,0,0,0,0,0,827,0,0,0,0,0,0,0,0,0,0,0,0,0,604,0,0,0,0,994,0,0,0,0,0,5306,0,2269,0,0
0,0,69,0,0,0,0,0,0,0,0,0,0,813,0,0,0,0,0,0,0,0,0,0,0,0,0,560,0,0,0,0,974,0,0,0,0,0,5293,0,2291,0,0
0,0,0,0,0,0,0,0,0,0,0,0,0,759,0,0,0,0,0,0,0,0,0,0,0,0,0,612,0,0,0,0,906,0,0,0,0,0,5362,0,2361,0,0
0,0,1,0,0,0,0,0,0,0,0,0,0,810,0,0,0,0,0,0,0,0,0,0,0,0,0,599,0,0,0,0,907,0,0,0,0,0,5279,0,2404,0,0
0,0,38,0,0,0,0,0,0,0,0,0,0,793,0,0,0,0,0,0,0,0,0,0,0,0,0,543,0,0,0,0,904,0,0,0,0,0,5351,0,2371,0,0
0,0,0,0,0,0,0,0,0,0,0,0,0,766,0,0,0,0,0,0,0,0,0,0,0,0,0,577,0,0,0,0,981,0,0,0,0,0,5378,0,2298,0,0
0,0,4,0,0,0,0,0,0,0,0,0,0,802,0,0,0,0,0,0,0,0,0,0,0,0,0,600,0,0,0,0,934,0,0,0,0,0,5435,0,2225,0,0
0,0,0,0,0,0,0,0,0,0,0,0,0,770,0,0,0,0,0,0,0,0,0,0,0,0,0,582,0,0,0,0,918,0,0,0,0,0,5469,0,2261,0,0
0,0,0,0,0,0,0,0,0,0,0,0,0,891,0,0,0,0,0,0,0,0,0,0,0,0,0,573,0,0,0,0,986,0,0,0,0,0,5269,0,2281,0,0
0,0,0,0,0,0,0,0,0,0,0,0,0,977,0,0,0,0,0,0,0,0,0,0,0,0,0,604,0,0,0,0,965,0,0,0,0,0,5339,0,2115,0,0
0,0,0,0,0,0,0,0,0,0,0,0,0,906,0,0,0,0,0,0,0,0,0,0,0,0,0,614,0,0,0,0,998,0,0,0,0,0,5328,0,2154,0,0
0,0,134,0,0,0,0,0,0,0,0,0,0,890,0,0,0,0,0,0,0,0,0,0,0,0,0,609,0,0,0,0,975,0,0,0,0,0,5229,0,2163,0,0
0,0,11,0,0,0,0,0,0,0,0,0,0,766,0,0,0,0,0,0,0,0,0,0,0,0,0,702,0,0,0,0,992,0,0,0,0,0,5399,0,2130,0,0
0,0,57,0,0,0,0,0,0,0,0,0,0,907,0,0,0,0,0,0,0,0,0,0,0,0,0,630,0,0,0,0,1020,0,0,0,0,0,5303,0,2083,0,0
0,0,0,0,0,0,0,0,0,0,0,0,0,828,0,0,0,0,0,0,0,0,0,0,0,0,0,622,0,0,0,0,959,0,0,0,0,0,5440,0,2151,0,0
0,0,76,0,0,0,0,0,0,0,0,0,0,882,0,0,0,0,0,0,0,0,0,0,0,0,0,554,0,0,0,0,1081,0,0,0,0,0,5346,0,2061,0,0
0,0,179,0,0,0,0,0,0,0,0,0,0,879,0,0,0,0,0,0,0,0,0,0,0,0,0,536,0,0,0,0,1016,0,0,0,0,0,5376,0,2014,0,0
0,0,127,0,0,0,0,0,0,0,0,0,0,839,0,0,0,0,0,0,0,0,0,0,0,0,0,645,0,0,0,0,965,0,0,0,0,0,5254,0,2170,0,0
0,0,228,0,0,0,0,0,0,0,0,0,0,997,0,0,0,0,0,0,0,0,0,0,0,0,0,662,0,0,0,0,1048,0,0,0,0,0,5122,0,1943,0,0
0,0,47,0,0,0,0,0,0,0,0,0,0,894,0,0,0,0,0,0,0,0,0,0,0,0,0,786,0,0,0,0,1023,0,0,0,0,0,5333,0,1917,0,0
0,0,27,0,0,0,0,0,0,0,0,0,0,828,0,0,0,0,0,0,0,0,0,0,0,0,0,758,0,0,0,0,972,0,0,0,0,0,5417,0,1998,0,0
0,0,208,0,0,0,0,0,0,0,0,0,0,957,0,0,0,0,0,0,0,0,0,0,0,0,0,607,0,0,0,0,1077,0,0,0,0,0,5286,0,1865,0,0
0,0,93,0,0,0,0,0,0,0,0,0,0,874,0,0,0,0,0,0,0,0,0,0,0,0,0,707,0,0,0,0,951,0,0,0,0,0,5501,0,1874,0,0
0,0,162,0,0,0,0,0,0,0,0,0,0,889,0,0,0,0,0,0,0,0,0,0,0,0,0,617,0,0,0,0,1013,0,0,0,0,0,5363,0,1956,0,0
0,0,329,0,0,0,0,0,0,0,0,0,0,795,0,0,0,0,0,0,0,0,0,0,0,0,0,558,0,0,0,0,966,0,0,0,0,0,5359,0,1993,0,0
0,0,194,0,0,0,0,0,0,0,0,0,0,800,0,0,0,0,0,0,0,0,0,0,0,0,0,648,0,0,0,0,953,0,0,0,0,0,5385,0,2020,0,0
0,0,213,0,0,0,0,0,0,0,0,0,0,935,0,0,0,0,0,0,0,0,0,0,0,0,0,654,0,0,0,0,1069,0,0,0,0,0,5238,0,1891,0,0
0,0,487,0,0,0,0,0,0,0,0,0,0,843,0,0,0,0,0,0,0,0,0,0,0,0,0,561,0,0,0,0,932,0,0,0,0,0,5255,0,1922,0,0
0,0,456,0,0,0,0,0,0,0,0,0,0,890,0,0,0,0,0,0,0,0,0,0,0,0,0,619,0,0,0,0,1018,0,0,0,0,0,5255,0,1762,0,0
0,0,299,0,0,0,0,0,0,0,0,0,0,938,0,0,0,0,0,0,0,0,0,0,0,0,0,754,0,0,0,0,1034,0,0,0,0,0,5261,0,1714,0,0
0,0,504,0,0,0,0,0,0,0,0,0,0,928,0,0,0,0,0,0,0,0,0,0,0,0,0,606,0,0,0,0,1115,0,0,0,0,0,5128,0,1719,0,0
0,0,454,0,0,0,0,0,0,0,0,0,0,1052,0,0,0,0,0,0,0,0,0,0,0,0,0,720,0,0,0,0,1122,0,0,0,0,0,5043,0,1609,0,0
0,0,292,0,0,0,0,0,0,0,0,0,0,1008,0,0,0,0,0,0,0,0,0,0,0,0,0,845,0,0,0,0,1028,0,0,0,0,0,5246,0,1581,0,0
0,0,491,0,0,0,0,0,0,0,0,0,0,887,0,0,0,0,0,0,0,0,76,0,0,0,0,599,0,0,0,0,1156,0,0,0,0,0,5109,0,1682,0,0
0,0,375,0,0,0,0,0,0,0,0,0,0,1004,0,0,0,0,0,0,0,0,0,0,0,0,0,680,0,0,0,0,1058,0,0,0,0,0,5261,0,1622,0,0
0,0,192,0,0,0,0,0,0,0,0,0,0,1049,0,0,0,0,0,0,0,0,0,0,0,0,0,866,0,0,0,0,1118,0,0,0,0,0,5222,0,1553,0,0
0,0,290,0,0,0,0,0,0,0,0,0,0,993,0,0,0,0,0,0,0,0,98,0,0,0,0,657,0,0,0,0,1203,0,0,0,0,0,5091,0,1668,0,0
0,0,391,0,0,0,0,0,0,0,0,0,0,963,0,0,0,0,0,0,0,0,0,0,0,0,0,652,0,0,0,0,1098,0,0,0,0,0,5312,0,1584,0,0
0,0,396,0,0,0,0,0,0,0,0,0,0,987,0,0,0,0,0,0,0,0,89,0,0,0,0,549,0,0,0,0,1222,0,0,0,0,0,5103,0,1654,0,0
0,0,615,0,0,0,0,0,0,0,0,0,0,859,0,0,0,0,0,0,0,0,73,0,0,0,0,531,0,0,0,0,1157,0,0,0,0,0,5109,0,1656,0,0
0,0,539,0,0,0,0,0,0,0,0,0,0,1073,0,0,0,0,0,0,0,0,93,0,0,0,0,622,0,0,0,0,1241,0,0,0,0,0,4915,0,1517,0,0
0,0,492,0,0,0,0,0,0,0,0,0,0,1001,0,0,0,0,0,0,0,0,109,0,0,0,0,716,0,0,0,0,1202,0,0,0,0,0,5045,0,1435,0,0
0,0,747,0,0,0,0,0,0,0,0,0,0,980,0,0,0,0,0,0,0,0,106,0,0,0,0,550,0,0,0,0,1170,0,0,0,0,0,5024,0,1423,0,0
0,0,611,0,0,0,0,0,0,0,0,0,0,982,0,0,0,0,0,0,0,0,100,0,0,0,0,651,0,0,0,0,1196,0,0,0,0,0,5003,0,1457,0,0
0,0,462,0,0,0,0,0,0,0,0,0,0,968,0,0,0,0,0,0,0,0,105,0,0,0,0,732,0,0,0,0,1198,0,0,0,0,0,5068,0,1467,0,0
0,0,547,0,0,0,0,0,0,0,0,0,0,980,0,0,0,0,0,0,0,0,106,0,0,0,0,642,0,0,0,0,1250,0,0,0,0,0,5019,0,1456,0,0
0,0,614,0,0,0,0,0,0,0,0,0,0,1022,0,0,0,0,0,0,0,0,115,0,0,0,0,554,0,0,0,0,1244,0,0,0,0,0,4985,0,1466,0,0
0,0,515,0,0,0,0,0,0,0,0,0,0,1123,0,0,0,0,0,0,0,0,126,0,0,0,0,646,0,0,0,0,1287,0,0,0,0,0,4901,0,1402,0,0
0,0,718,0,0,0,0,0,0,0,0,0,0,1027,0,0,0,0,0,0,0,0,129,0,0,0,0,566,0,0,0,0,1224,0,0,0,0,0,4910,0,1426,0,0
0,0,556,0,0,0,0,0,0,0,0,0,0,1015,0,0,0,0,0,0,0,0,120,0,0,0,0,669,0,0,0,0,1257,0,0,0,0,0,4968,0,1415,0,0
0,0,539,0,0,0,0,0,0,0,0,0,0,1045,0,0,0,0,0,0,0,0,120,0,0,0,0,671,0,0,0,0,1248,0,0,0,0,0,4924,0,1453,0,0
0,0,651,0,0,0,0,0,0,0,0,0,0,1076,0,0,0,0,0,0,0,0,128,0,0,0,0,593,0,0,0,0,1264,0,0,0,0,0,4901,0,1387,0,0
0,0,444,0,0,0,0,0,0,0,0,0,0,1071,0,0,0,0,0,0,0,0,144,0,0,0,0,680,0,0,0,0,1289,0,0,0,0,0,4985,0,1387,0,0
0,0,436,0,0,0,0,0,0,0,0,0,0,1045,0,0,0,0,0,0,0,0,136,0,0,0,0,673,0,0,0,0,1258,0,0,0,0,0,5062,0,1390,0,0
0,0,441,0,0,0,0,0,0,0,0,0,0,1197,0,0,0,0,0,0,0,0,157,0,0,0,0,628,0,0,0,0,1364,0,0,0,0,0,4884,0,1329,0,0
0,0,307,0,0,0,0,0,0,0,0,0,0,1147,0,0,0,0,0,0,0,0,149,0,0,0,0,681,0,0,0,0,1359,0,0,0,0,0,5083,0,1274,0,0
0,0,482,0,0,0,0,0,0,0,0,0,0,1079,0,0,0,0,0,0,0,0,166,0,0,0,0,588,0,0,0,0,1377,0,0,0,0,0,5132,0,1176,0,0
0,0,408,0,0,0,0,0,0,0,0,0,0,1092,0,0,0,0,0,0,0,0,161,0,0,0,0,630,0,0,0,0,1437,0,0,0,0,0,5046,0,1226,0,0
0,0,327,0,0,0,0,0,0,0,0,0,0,1190,0,0,0,0,0,0,0,0,177,0,0,0,0,685,0,0,0,0,1426,0,0,0,0,0,4987,0,1208,0,0
0,0,535,0,0,0,0,0,0,0,0,0,0,1235,0,0,0,0,0,0,0,0,187,0,0,0,0,576,0,0,0,0,1461,0,0,0,0,0,4811,0,1195,0,0
0,0,443,0,0,0,0,0,0,0,0,0,0,1107,0,0,0,0,0,0,0,0,163,0,0,0,0,669,0,0,0,0,1373,0,0,0,0,0,4991,0,1254,0,0
0,0,424,0,0,0,0,0,0,0,0,0,0,1074,0,0,0,0,0,0,0,0,338,0,0,0,0,446,0,0,0,0,1387,0,0,0,0,0,4999,0,1332,0,0
0,0,180,0,0,0,0,0,0,0,0,0,0,1186,0,0,0,0,0,0,0,0,194,0,0,0,0,741,0,0,0,0,1370,0,0,0,0,0,5017,0,1312,0,0
0,0,508,0,0,0,0,0,0,0,0,0,0,1072,0,0,0,0,0,0,0,0,187,0,0,0,0,535,0,0,0,0,1494,0,0,0,0,0,4891,0,1313,0,0
0,0,257,0,0,0,0,0,0,0,0,0,0,1132,0,0,0,0,0,0,0,0,417,0,0,0,0,526,0,0,0,0,1444,0,0,0,0,0,4939,0,1285,0,0
0,0,379,0,0,0,0,0,0,0,0,0,0,1132,0,0,0,0,0,0,0,0,205,0,0,0,0,651,0,0,0,0,1466,0,0,0,0,0,4937,0,1230,0,0
0,0,197,0,0,0,0,0,0,0,0,0,0,1156,0,0,0,0,0,0,0,0,433,0,0,0,0,507,0,0,0,0,1589,0,0,0,0,0,4914,0,1204,0,0
0,0,196,0,0,0,0,0,0,0,0,0,0,1218,0,0,0,0,0,0,0,0,445,0,0,0,0,449,0,0,0,0,1472,0,0,0,0,0,5035,0,1185,0,0
0,0,407,0,0,0,0,0,0,0,0,0,0,1334,0,0,0,0,0,0,0,0,371,0,0,0,0,384,0,0,0,0,1477,0,0,0,0,0,4881,0,1146,0,0
0,0,384,0,0,0,0,0,0,0,0,0,0,1230,0,0,0,0,0,0,0,0,468,0,0,0,0,441,0,0,0,0,1450,0,0,0,0,0,4909,0,1118,0,0
0,0,364,0,0,0,0,0,0,0,0,0,0,1351,0,0,0,0,0,0,0,0,265,0,0,0,0,625,0,0,0,0,1540,0,0,0,0,0,4771,0,1084,0,0
0,0,448,0,0,0,0,0,0,0,0,0,0,1295,0,0,0,0,0,0,0,0,441,0,0,0,0,389,0,0,0,0,1543,0,0,0,0,0,4886,0,998,0,0
0,0,772,0,0,0,0,0,0,0,0,0,0,1188,0,0,0,0,0,0,0,0,418,0,0,0,0,378,0,0,0,0,1488,0,0,0,0,0,4688,0,1068,0,0
0,0,591,0,0,0,0,0,0,0,0,0,0,1236,0,0,0,0,0,0,0,0,456,0,0,0,0,414,0,0,0,0,1580,0,0,0,0,0,4686,0,1037,0,0
0,0,708,0,0,0,0,0,0,0,0,0,0,1254,0,0,0,0,0,0,0,0,537,0,0,0,0,300,0,0,0,0,1518,0,0,0,0,0,4709,0,974,0,0
0,0,618,0,0,0,0,0,0,0,0,0,0,1396,0,0,0,0,0,0,0,0,473,0,0,0,0,382,0,0,0,0,1578,0,0,0,0,0,4630,0,923,0,0
0,0,446,0,0,0,0,0,0,0,0,0,0,1331,0,0,0,0,0,0,0,0,687,0,0,0,0,333,0,0,0,0,1625,0,0,0,0,0,4572,0,1006,0,0
0,0,466,0,0,0,0,0,0,0,0,0,0,1351,0,0,0,0,0,0,0,0,660,0,0,0,0,313,0,0,0,0,1594,0,0,0,0,0,4632,0,984,0,0
0,0,614,0,0,0,0,0,0,0,0,0,0,1330,0,0,0,0,0,0,0,0,585,0,0,0,0,281,0,0,0,0,1604,0,0,0,0,0,4645,0,941,0,0
0,0,456,0,0,0,0,0,0,0,0,0,0,1348,0,0,0,0,0,0,0,0,691,0,0,0,0,271,0,0,0,0,1602,0,0,0,0,0,4766,0,866,0,0
0,0,445,0,0,0,0,0,0,0,0,0,0,1419,0,0,0,0,0,0,0,0,696,0,0,0,0,264,0,0,0,0,1615,0,0,0,0,0,4652,0,909,0,0
0,0,623,0,0,0,0,0,0,0,0,0,0,1391,0,0,0,0,0,0,0,0,526,0,0,0,0,395,0,0,0,0,1679,0,0,0,0,0,4603,0,783,0,0
0,0,552,0,0,0,0,0,0,0,0,0,0,1450,0,0,0,0,0,0,0,0,714,0,0,0,0,256,0,0,0,0,1676,0,0,0,0,0,4531,0,821,0,0
0,0,489,0,0,0,0,0,0,0,0,0,0,1485,0,0,0,0,0,0,0,0,779,0,0,0,0,263,0,0,0,0,1630,0,0,0,0,0,4528,0,826,0,0
0,0,604,0,0,0,0,0,0,0,0,0,0,1379,0,0,0,0,0,0,0,0,677,0,0,0,0,257,0,0,0,0,1679,0,0,0,0,0,4519,0,885,0,0
0,0,475,0,0,0,0,0,0,0,0,0,0,1515,0,0,0,0,0,0,0,0,759,0,0,0,0,239,0,0,0,0,1667,0,0,0,0,0,4501,0,844,0,0
0,0,642,0,0,0,0,0,0,0,0,0,0,1415,0,0,0,0,0,0,0,0,738,0,0,0,0,230,0,0,0,0,1689,0,0,0,0,0,4460,0,826,0,0
0,0,438,0,0,0,0,0,0,0,0,0,0,1594,0,0,0,0,0,0,0,0,859,0,0,0,0,282,0,0,0,0,1625,0,0,0,0,0,4424,0,778,0,0
0,0,541,0,0,0,0,0,0,0,0,0,0,1617,0,0,0,0,0,0,0,0,849,0,0,0,0,236,0,0,0,0,1722,0,0,0,0,0,4304,0,731,0,0
0,0,678,0,0,0,0,0,0,0,0,0,0,1514,0,0,0,0,0,0,0,0,852,0,0,0,0,257,0,0,0,0,1674,0,0,0,0,0,4291,0,734,0,0
0,0,549,0,0,0,0,0,0,0,0,0,0,1742,0,0,0,0,0,0,0,0,950,0,0,0,0,303,0,0,0,0,1678,0,0,0,0,0,4134,0,644,0,0
0,0,614,0,0,0,0,0,0,0,0,0,0,1568,0,0,0,0,0,0,0,0,933,0,0,0,0,303,0,0,0,0,1712,0,0,0,0,0,4182,0,688,0,0
0,0,654,0,0,0,0,0,0,0,0,0,0,1465,0,0,0,0,0,0,0,0,882,0,0,0,0,252,0,0,0,0,1671,0,0,0,0,0,4358,0,718,0,0
0,0,673,0,0,0,0,0,0,0,0,0,0,1500,0,0,0,0,0,0,0,0,930,0,0,0,0,241,0,0,0,0,1719,0,0,0,0,0,4230,0,707,0,0
0,0,604,0,0,0,0,0,0,0,0,0,0,1519,0,0,0,0,0,0,0,0,929,0,0,0,0,254,0,0,0,0,1720,0,0,0,0,0,4284,0,690,0,0
0,0,605,0,0,0,0,0,0,0,0,0,0,1529,0,0,0,0,0,0,0,0,892,0,0,0,0,273,0,0,0,0,1756,0,0,0,0,0,4243,0,702,0,0
0,0,534,0,0,0,0,0,0,0,0,0,0,1635,0,0,0,0,0,0,0,0,973,0,0,0,0,259,0,0,0,0,1746,0,0,0,0,0,4160,0,693,0,0
0,0,487,0,0,0,0,0,0,0,0,0,0,1604,0,0,0,0,0,0,0,0,1077,0,0,0,0,276,0,0,0,0,1751,0,0,0,0,0,4183,0,622,0,0
0,0,534,0,0,0,0,0,0,0,0,0,0,1728,0,0,0,0,0,0,0,0,966,0,0,0,0,319,0,0,0,0,1777,0,0,0,0,0,4071,0,605,0,0
0,0,422,0,0,0,0,0,0,0,0,0,0,1681,0,0,0,0,0,0,0,0,1158,0,0,0,0,353,0,0,0,0,1757,0,0,0,0,0,4065,0,564,0,0
0,0,261,0,0,0,0,0,0,0,0,0,0,1816,0,0,0,0,0,0,0,0,1158,0,0,0,0,355,0,0,0,0,1730,0,0,0,0,0,4113,0,567,0,0
0,0,237,0,0,0,0,0,0,0,0,0,0,1671,0,0,0,0,0,0,0,0,1184,0,0,0,0,264,0,0,0,0,1843,0,0,0,0,0,4206,0,595,0,0
0,0,438,0,0,0,0,0,0,0,0,0,0,1641,0,0,0,0,0,0,0,0,1001,0,0,0,0,209,0,0,0,0,1859,0,0,0,0,0,4256,0,596,0,0
0,0,423,0,0,0,0,0,0,0,0,0,0,1713,0,0,0,0,0,0,0,0,1091,0,0,0,0,229,0,0,0,0,1824,0,0,0,0,0,4183,0,537,0,0
0,0,448,0,0,0,0,0,0,0,0,0,0,1801,0,0,0,0,0,0,0,0,985,0,0,0,0,255,0,0,0,0,1896,0,0,0,0,0,4059,0,556,0,0
0,0,433,0,0,0,0,0,0,0,0,0,0,1746,0,0,0,0,0,0,0,0,1065,0,0,0,0,243,0,0,0,0,1843,0,0,0,0,0,4130,0,540,0,0
0,0,381,0,0,0,0,0,0,0,0,0,0,1771,0,0,0,0,0,0,0,0,1082,0,0,0,0,252,0,0,0,0,1893,0,0,0,0,0,4072,0,549,0,0
0,0,338,0,0,0,0,0,0,0,0,0,0,1716,0,0,0,0,0,0,0,0,1123,0,0,0,0,213,0,0,0,0,1829,0,0,0,0,0,4227,0,554,0,0
0,0,342,0,0,0,0,0,0,0,0,0,0,2458,0,0,0,0,0,0,0,0,1149,0,0,0,0,215,0,0,0,0,1862,0,0,0,0,0,3550,0,424,0,0
0,0,421,0,0,0,0,0,0,0,0,0,0,2019,0,0,0,0,0,0,0,0,1331,0,0,0,0,230,0,0,0,0,2002,0,0,0,0,0,3596,0,401,0,0
0,0,229,0,0,0,0,0,0,0,0,0,0,1989,0,0,0,0,0,0,0,0,1405,0,0,0,0,214,0,0,0,0,1922,0,0,0,0,0,3814,0,427,0,0
0,0,179,0,0,0,0,0,0,0,0,0,0,2037,0,0,0,0,0,0,0,0,1395,0,0,0,0,183,0,0,0,0,1951,0,0,0,0,0,3816,0,439,0,0
0,0,258,0,0,0,0,0,0,0,0,0,0,2047,0,0,0,0,0,0,0,0,1283,0,0,0,0,192,0,0,0,0,1973,0,0,0,0,0,3818,0,429,0,0
0,0,3,0,0,0,0,0,0,0,0,0,0,2061,0,0,0,0,0,0,0,0,1411,0,0,0,0,230,0,0,0,0,2015,0,0,0,0,0,3835,0,445,0,0
0,0,182,0,0,0,0,0,0,0,0,0,0,2047,0,0,0,0,0,0,0,0,1277,0,0,0,0,216,0,0,0,0,1961,0,0,0,0,0,3877,0,440,0,0
0,0,334,0,0,0,0,0,0,0,0,0,0,1957,0,0,0,0,0,0,0,0,1230,0,0,0,0,217,0,0,0,0,1983,0,0,0,0,0,3848,0,431,0,0
0,0,166,0,0,0,0,0,0,0,0,0,0,2280,0,0,0,0,0,0,0,0,1291,0,0,0,0,212,0,0,0,0,1905,0,0,0,0,0,3726,0,420,0,0
0,0,129,0,0,0,0,0,0,0,0,0,0,2183,0,0,0,0,0,0,0,0,1382,0,0,0,0,211,0,0,0,0,1959,0,0,0,0,0,3750,0,386,0,0
0,0,270,0,0,0,0,0,0,0,0,0,0,2306,0,0,0,0,0,0,0,0,1256,0,0,0,0,210,0,0,0,0,2059,0,0,0,0,0,3526,0,373,0,0
0,0,383,0,0,0,0,0,0,0,0,0,0,2144,0,0,0,0,0,0,0,0,1307,0,0,0,0,236,0,0,0,0,1962,0,0,0,0,0,3609,0,359,0,0
0,0,492,0,0,0,0,0,0,0,0,0,0,3966,0,0,0,0,0,0,0,0,1914,0,0,0,0,209,0,0,0,0,1630,0,0,0,0,0,1681,0,108,0,0
